Iteration,Objective_Function,OOD_Error,Relative_OOD_Error,Benchmark_OOD,Relative_Benchmark_OOD,Step_Size,Time (s)
0,3.5632424354553223,0.022828934714198112,0.006986570078879595,0.0010950348805636168,0.0003351246123202145,NA,0
1,2.82368540763855,0.0008412618190050125,0.00025745987659320235,0.0010950348805636168,0.0003351246123202145,1e-06,164.41846895217896
2,2.282632350921631,0.0005273104179650545,0.00016137814964167774,0.0010950348805636168,0.0003351246123202145,1e-06,330.88800597190857
3,2.136571168899536,0.00035632395884022117,0.00010904942610068247,0.0010950348805636168,0.0003351246123202145,1e-06,494.50775265693665
4,2.1092615127563477,0.0007506925612688065,0.00022974204330239445,0.0010950348805636168,0.0003351246123202145,1e-06,659.6392991542816
5,2.1064138412475586,0.0003187112743034959,9.753843914950266e-05,0.0010950348805636168,0.0003351246123202145,1e-06,824.9175567626953
6,2.101797580718994,0.0006034552352502942,0.00018468151392880827,0.0010950348805636168,0.0003351246123202145,1e-10,1260.3627345561981
7,2.099595785140991,0.0007653149077668786,0.00023421706282533705,0.0010950348805636168,0.0003351246123202145,1e-10,1426.72935795784
8,2.1050961017608643,0.0002884412824641913,8.827460260363296e-05,0.0010950348805636168,0.0003351246123202145,1.0000000000000001e-11,1592.863799571991
