Iteration,Objective_Function,OOD_Error,Relative_OOD_Error,Benchmark_OOD,Relative_Benchmark_OOD,Step_Size,Time (s)
0,4.2788872718811035,0.03904192894697189,0.00801929272711277,0.0014708423987030983,0.0003021140582859516,NA,0
1,3.39224910736084,0.003540518693625927,0.0007272298680618405,0.0014708423987030983,0.0003021140582859516,1e-06,84.72440218925476
2,2.907050132751465,0.0016172516625374556,0.00033218684257008135,0.0014708423987030983,0.0003021140582859516,1e-06,169.69544124603271
3,2.83023738861084,0.00122276961337775,0.00025115939206443727,0.0014708423987030983,0.0003021140582859516,1e-06,255.1410369873047
4,2.8123385906219482,0.001651980448514223,0.0003393201914150268,0.0014708423987030983,0.0003021140582859516,1e-06,339.30629539489746
5,2.796511650085449,0.0010341417510062456,0.00021241484500933439,0.0014708423987030983,0.0003021140582859516,1e-06,424.6209805011749
6,2.7954437732696533,0.0010680510895326734,0.00021937990095466375,0.0014708423987030983,0.0003021140582859516,1e-07,563.4815697669983
7,2.7939629554748535,0.001186225563287735,0.0002436531794955954,0.0014708423987030983,0.0003021140582859516,1e-09,753.9204149246216
8,2.798413038253784,0.0011198483407497406,0.00023001915542408824,0.0014708423987030983,0.0003021140582859516,1e-10,838.9464025497437
