Iteration,Objective_Function,OOD_Error,Relative_OOD_Error,Benchmark_OOD,Relative_Benchmark_OOD,Step_Size,Time (s)
0,5.063859939575195,0.03583204001188278,0.00731984106823802,0.000995677663013339,0.00020339903130661696,NA,0
1,3.8494906425476074,0.0024271318688988686,0.0004958193749189377,0.000995677663013339,0.00020339903130661696,1e-06,116.50228691101074
2,2.9689576625823975,0.001405929448083043,0.0002872060867957771,0.000995677663013339,0.00020339903130661696,1e-06,233.31018924713135
3,2.8246381282806396,0.0010607660515233874,0.00021669542184099555,0.000995677663013339,0.00020339903130661696,1e-06,349.5489308834076
4,2.820786476135254,0.0010278922272846103,0.000209979887586087,0.000995677663013339,0.00020339903130661696,1e-06,464.42327189445496
5,2.803736448287964,0.0009599463082849979,0.0001960997615242377,0.000995677663013339,0.00020339903130661696,1e-07,649.6947555541992
6,2.7982003688812256,0.0010734922252595425,0.00021929515060037374,0.000995677663013339,0.00020339903130661696,1e-07,764.5039491653442
7,2.8104960918426514,0.0012262219097465277,0.00025049506803043187,0.000995677663013339,0.00020339903130661696,1.0000000000000001e-11,1083.9701113700867
