Iteration,Objective_Function,OOD_Error,Relative_OOD_Error,Benchmark_OOD,Relative_Benchmark_OOD,Step_Size,Time (s)
0,3.575094699859619,0.032171085476875305,0.009851854294538498,0.0005410581361502409,0.0001656899694353342,NA,0
1,2.817852020263672,0.000979491276666522,0.00029995274962857366,0.0005410581361502409,0.0001656899694353342,1e-06,150.4679355621338
2,2.31842041015625,0.0005906832520850003,0.00018088682554662228,0.0005410581361502409,0.0001656899694353342,1e-06,298.81055784225464
3,2.1935031414031982,0.0005264866631478071,0.00016122769739013165,0.0005410581361502409,0.0001656899694353342,1e-06,447.43417954444885
4,2.1555187702178955,0.0006649603019468486,0.0002036329242400825,0.0005410581361502409,0.0001656899694353342,1e-06,596.4015581607819
5,2.153947353363037,0.00039661044138483703,0.00012145528307883069,0.0005410581361502409,0.0001656899694353342,1e-06,744.3320174217224
6,2.152198314666748,0.0003934864071197808,0.00012049860379192978,0.0005410581361502409,0.0001656899694353342,1e-07,954.5460381507874
7,2.15000319480896,0.0005619673756882548,0.0001720930595183745,0.0005410581361502409,0.0001656899694353342,1e-07,1102.4759542942047
8,2.161661148071289,0.00046163605293259025,0.00014136829122435302,0.0005410581361502409,0.0001656899694353342,1e-10,1378.0917518138885
