Iteration,Objective_Function,OOD_Error,Relative_OOD_Error,Benchmark_OOD,Relative_Benchmark_OOD,Step_Size,Time (s)
0,3.583986759185791,0.018445860594511032,0.005651403218507767,0.0004114728653803468,0.00012606618111021817,NA,0
1,2.8588857650756836,0.0009752296609804034,0.00029878877103328705,0.0004114728653803468,0.00012606618111021817,1e-06,148.4915189743042
2,2.354942560195923,0.0006306317518465221,0.00019321159925311804,0.0004114728653803468,0.00012606618111021817,1e-06,298.2034089565277
3,2.199281930923462,0.0004524614196270704,0.00013862416381016374,0.0004114728653803468,0.00012606618111021817,1e-06,447.1547088623047
4,2.157930374145508,0.00046030606608837843,0.00014102758723311126,0.0004114728653803468,0.00012606618111021817,1e-06,597.1077537536621
5,2.135364532470703,0.0003092710394412279,9.475379920331761e-05,0.0004114728653803468,0.00012606618111021817,1e-06,745.2109122276306
6,2.133755683898926,0.0003862490993924439,0.00011833817552542314,0.0004114728653803468,0.00012606618111021817,1e-07,957.7442817687988
7,2.133622884750366,0.00036072017974220216,0.00011051667388528585,0.0004114728653803468,0.00012606618111021817,1e-09,1231.6332838535309
8,2.134850263595581,0.0003356645756866783,0.00010284019663231447,0.0004114728653803468,0.00012606618111021817,1.0000000000000001e-11,1443.9787940979004
