Iteration,Objective_Function,OOD_Error,Relative_OOD_Error,Benchmark_OOD,Relative_Benchmark_OOD,Step_Size,Time (s)
0,3.7155890464782715,0.02108478546142578,0.006252855062484741,0.0003671467420645058,0.00010888018732657656,NA,0
1,2.9569435119628906,0.0009472714737057686,0.00028092064894735813,0.0003671467420645058,0.00010888018732657656,1e-06,131.53537702560425
2,2.4630959033966064,0.000826097559183836,0.0002449855674058199,0.0003671467420645058,0.00010888018732657656,1e-06,263.6237072944641
3,2.291642665863037,0.0005127895856276155,0.00015207169053610414,0.0003671467420645058,0.00010888018732657656,1e-06,395.8737187385559
4,2.2395787239074707,0.0006720541859976947,0.0001993028272408992,0.0003671467420645058,0.00010888018732657656,1e-06,529.7772626876831
5,2.2174296379089355,0.0004704457242041826,0.0001395142899127677,0.0003671467420645058,0.00010888018732657656,1e-06,663.6358835697174
6,2.212799072265625,0.0005228164372965693,0.00015504522889386863,0.0003671467420645058,0.00010888018732657656,1e-06,796.9599220752716
7,2.212510108947754,0.00046686013229191303,0.00013845096691511571,0.0003671467420645058,0.00010888018732657656,1e-09,1105.8984014987946
8,2.213561534881592,0.00044450361747294664,0.0001318209688179195,0.0003671467420645058,0.00010888018732657656,1e-10,1241.3167850971222
