Iteration,Objective_Function,OOD_Error,Relative_OOD_Error,Benchmark_OOD,Relative_Benchmark_OOD,Step_Size,Time (s)
0,3.533696174621582,0.0359855592250824,0.011016029864549637,0.0005083039868623018,0.0001556038623675704,NA,0
1,2.715231418609619,0.0014179314021021128,0.00043406232725828886,0.0005083039868623018,0.0001556038623675704,1e-06,100.61395311355591
2,2.225924253463745,0.0005262113409116864,0.0001610857289051637,0.0005083039868623018,0.0001556038623675704,1e-06,203.42834639549255
3,2.0881123542785645,0.0009964826749637723,0.0003050469094887376,0.0005083039868623018,0.0001556038623675704,1e-06,305.02423000335693
4,2.052659273147583,0.0005384214455261827,0.00016482353385072201,0.0005083039868623018,0.0001556038623675704,1e-06,406.2200677394867
5,2.0551493167877197,0.0004595555074047297,0.00014068080054130405,0.0005083039868623018,0.0001556038623675704,1.0000000000000001e-11,694.6490182876587
