Iteration,Objective_Function,OOD_Error,Relative_OOD_Error,Benchmark_OOD,Relative_Benchmark_OOD,Step_Size,Time (s)
0,3.5043303966522217,0.02452053129673004,0.007268847897648811,0.0007180424290709198,0.00021285595721565187,NA,0
1,2.771676540374756,0.0009670594590716064,0.00028667435981333256,0.0007180424290709198,0.00021285595721565187,1e-06,147.0401406288147
2,2.325486421585083,0.0005837957723997533,0.00017305997607763857,0.0007180424290709198,0.00021285595721565187,1e-06,297.90523958206177
3,2.203640937805176,0.0005387658020481467,0.0001597113296156749,0.0007180424290709198,0.00021285595721565187,1e-06,445.58288860321045
4,2.17887806892395,0.0008080896222963929,0.00023954948119353503,0.0007180424290709198,0.00021285595721565187,1e-06,594.944874048233
5,2.162372350692749,0.0007519889040850103,0.00022291901404969394,0.0007180424290709198,0.00021285595721565187,1e-06,744.8018159866333
6,2.153287172317505,0.0005111976061016321,0.000151539032231085,0.0007180424290709198,0.00021285595721565187,1e-06,894.2453634738922
7,2.153057098388672,0.00043891905806958675,0.00013011283590458333,0.0007180424290709198,0.00021285595721565187,1e-08,1170.2442774772644
8,2.153442144393921,0.0006530496175400913,0.00019358952704351395,0.0007180424290709198,0.00021285595721565187,1e-10,1382.8697073459625
