Iteration,Objective_Function,OOD_Error,Relative_OOD_Error,Benchmark_OOD,Relative_Benchmark_OOD,Step_Size,Time (s)
0,3.775465250015259,0.02648741565644741,0.007786457892507315,0.00022586544218938798,6.639726052526385e-05,NA,0
1,3.0935261249542236,0.0011269854148849845,0.0003312978951726109,0.00022586544218938798,6.639726052526385e-05,1e-06,148.9375855922699
2,2.6753265857696533,0.0006201817304827273,0.0001823137135943398,0.00022586544218938798,6.639726052526385e-05,1e-06,299.70865845680237
3,2.5273399353027344,0.0005067160236649215,0.00014895839558448642,0.00022586544218938798,6.639726052526385e-05,1e-06,447.5727331638336
4,2.4831840991973877,0.00039182728505693376,0.00011518476821947843,0.00022586544218938798,6.639726052526385e-05,1e-06,597.1844446659088
5,2.463393449783325,0.0005541951977647841,0.0001629157632123679,0.00022586544218938798,6.639726052526385e-05,1e-06,745.5660870075226
6,2.451643466949463,0.0007561615202575922,0.0002222874463768676,0.00022586544218938798,6.639726052526385e-05,1e-06,894.884241104126
7,2.4665448665618896,0.0004839916655328125,0.00014227816427592188,0.00022586544218938798,6.639726052526385e-05,1e-10,1234.2041704654694
