Iteration,Objective_Function,OOD_Error,Relative_OOD_Error,Benchmark_OOD,Relative_Benchmark_OOD,Step_Size,Time (s)
0,3.466460943222046,0.026052840054035187,0.007721956819295883,0.0008797949994914234,0.0002607676724437624,NA,0
1,2.771503210067749,0.0011077707167714834,0.0003283387632109225,0.0008797949994914234,0.0002607676724437624,1e-06,51.04779553413391
2,2.3826701641082764,0.0008199980948120356,0.00024304412363562733,0.0008797949994914234,0.0002607676724437624,1e-06,102.26526045799255
3,2.255591630935669,0.000898159749340266,0.00026621093275025487,0.0008797949994914234,0.0002607676724437624,1e-06,153.86865258216858
4,2.234269142150879,0.0008775821188464761,0.00026011178852058947,0.0008797949994914234,0.0002607676724437624,1e-06,205.56446504592896
5,2.2178521156311035,0.0010816408321261406,0.00032059397199191153,0.0008797949994914234,0.0002607676724437624,1e-06,256.95767879486084
6,2.217427968978882,0.0008652803371660411,0.00025646560243330896,0.0008797949994914234,0.0002607676724437624,1e-07,340.267151594162
7,2.2161786556243896,0.0008552861399948597,0.0002535033563617617,0.0008797949994914234,0.0002607676724437624,1e-09,455.35133266448975
8,2.219059944152832,0.0006955526769161224,0.00020615900575648993,0.0008797949994914234,0.0002607676724437624,1e-10,507.3148241043091
