Iteration,Objective_Function,OOD_Error,Relative_OOD_Error,Benchmark_OOD,Relative_Benchmark_OOD,Step_Size,Time (s)
0,4.400994777679443,0.04155579209327698,0.008447108790278435,0.004976507741957903,0.001011582207866013,NA,0
1,3.732562780380249,0.004251514561474323,0.0008642118191346526,0.004976507741957903,0.001011582207866013,1e-06,39.514965534210205
2,3.305480480194092,0.002190726576372981,0.00044531229650601745,0.004976507741957903,0.001011582207866013,1e-06,80.23136758804321
3,3.2207162380218506,0.001738495659083128,0.0003533866547513753,0.004976507741957903,0.001011582207866013,1e-06,121.63084197044373
4,3.216503858566284,0.0019300442654639482,0.0003923230106011033,0.004976507741957903,0.001011582207866013,1e-06,162.1299922466278
5,3.201321601867676,0.0015691652661189437,0.0003189666022080928,0.004976507741957903,0.001011582207866013,1e-06,202.8941752910614
6,3.1921591758728027,0.0018531841924414039,0.00037669955054298043,0.004976507741957903,0.001011582207866013,1e-06,243.60450148582458
7,3.2045507431030273,0.0035304930061101913,0.0007176486542448401,0.004976507741957903,0.001011582207866013,1e-10,374.2128026485443
