Iteration,Objective_Function,OOD_Error,Relative_OOD_Error,Benchmark_OOD,Relative_Benchmark_OOD,Step_Size,Time (s)
0,3.6108250617980957,0.025556441396474838,0.007484219968318939,0.0016864778008311987,0.0004938860656693578,NA,0
1,2.9210405349731445,0.001492764218710363,0.00043715693755075336,0.0016864778008311987,0.0004938860656693578,1e-06,83.67619299888611
2,2.5180885791778564,0.0009872688679024577,0.0002891223120968789,0.0016864778008311987,0.0004938860656693578,1e-06,167.44832396507263
3,2.3846564292907715,0.0007123011164367199,0.00020859783398918808,0.0016864778008311987,0.0004938860656693578,1e-06,250.4949231147766
4,2.3394479751586914,0.0006257760105654597,0.0001832589041441679,0.0016864778008311987,0.0004938860656693578,1e-06,336.1337311267853
5,2.322929859161377,0.0009829388000071049,0.000287854258203879,0.0016864778008311987,0.0004938860656693578,1e-06,420.04030179977417
6,2.3225646018981934,0.0005536804674193263,0.00016214567585848272,0.0016864778008311987,0.0004938860656693578,1e-09,627.9526407718658
7,2.317079782485962,0.0010156093630939722,0.00029742185142822564,0.0016864778008311987,0.0004938860656693578,1e-09,712.0949110984802
8,2.3319973945617676,0.0005744136869907379,0.0001682174188317731,0.0016864778008311987,0.0004938860656693578,1e-10,797.3546838760376
