Iteration,Objective_Function,OOD_Error,Relative_OOD_Error,Benchmark_OOD,Relative_Benchmark_OOD,Step_Size,Time (s)
0,4.732959747314453,0.03124786913394928,0.009144225157797337,0.008530668914318085,0.0024963736068457365,NA,0
1,4.005537033081055,0.00239466386847198,0.0007007628446444869,0.008530668914318085,0.0024963736068457365,1e-06,35.67889380455017
2,3.4223597049713135,0.0022875743452459574,0.0006694246549159288,0.008530668914318085,0.0024963736068457365,1e-06,72.02096176147461
3,3.1629209518432617,0.0017447758000344038,0.0005105827585794032,0.008530668914318085,0.0024963736068457365,1e-06,108.1789824962616
4,3.121428966522217,0.0023536086082458496,0.0006887486088089645,0.008530668914318085,0.0024963736068457365,1e-06,144.72816824913025
5,3.10467529296875,0.0017468321602791548,0.0005111845093779266,0.008530668914318085,0.0024963736068457365,1e-06,181.20676732063293
6,3.0956766605377197,0.001714154495857656,0.0005016218638047576,0.008530668914318085,0.0024963736068457365,1e-06,216.9954903125763
7,3.1090946197509766,0.0018606593366712332,0.0005444943089969456,0.008530668914318085,0.0024963736068457365,1e-10,325.6462953090668
