Iteration,Objective_Function,OOD_Error,Relative_OOD_Error,Benchmark_OOD,Relative_Benchmark_OOD,Step_Size,Time (s)
0,5.028975963592529,0.050243400037288666,0.010068628005683422,0.0011404624674469233,0.00022854527924209833,NA,0
1,4.314805030822754,0.0029742992483079433,0.0005960406851954758,0.0011404624674469233,0.00022854527924209833,1e-06,128.3573579788208
2,3.823582649230957,0.0019861641339957714,0.000398021365981549,0.0011404624674469233,0.00022854527924209833,1e-06,257.9928274154663
3,3.687938928604126,0.0014812549343332648,0.00029683907632716,0.0011404624674469233,0.00022854527924209833,1e-06,386.5553822517395
4,3.663343667984009,0.001559585565701127,0.00031253628549166024,0.0011404624674469233,0.00022854527924209833,1e-06,516.1748349666595
5,3.638828992843628,0.0012500984594225883,0.00025051599368453026,0.0011404624674469233,0.00022854527924209833,1e-06,644.0601050853729
6,3.6388375759124756,0.001227129134349525,0.0002459130191709846,0.0011404624674469233,0.00022854527924209833,1e-10,992.2104103565216
