Iteration,Objective_Function,OOD_Error,Relative_OOD_Error,Benchmark_OOD,Relative_Benchmark_OOD,Step_Size,Time (s)
0,3.652364730834961,0.025250598788261414,0.007430314552038908,0.0011116310488432646,0.00032711177482269704,NA,0
1,3.0806381702423096,0.0011429399019107223,0.00033632482518441975,0.0011116310488432646,0.00032711177482269704,1e-06,68.46756029129028
2,2.731081962585449,0.0009765258873812854,0.00028735536034218967,0.0011116310488432646,0.00032711177482269704,1e-06,137.8868362903595
3,2.6029293537139893,0.000674877199344337,0.00019859132589772344,0.0011116310488432646,0.00032711177482269704,1e-06,207.01853680610657
4,2.5590832233428955,0.0005885153077542782,0.00017317822494078428,0.0011116310488432646,0.00032711177482269704,1e-06,276.375492811203
5,2.5341689586639404,0.0007273731753230095,0.00021403894061222672,0.0011116310488432646,0.00032711177482269704,1e-06,345.0478193759918
6,2.5267019271850586,0.0006743759731762111,0.0001984438276849687,0.0011116310488432646,0.00032711177482269704,1e-06,414.20687079429626
7,2.5273232460021973,0.0005734678125008941,0.0001687503099674359,0.0011116310488432646,0.00032711177482269704,1e-10,591.2427077293396
